First Name	Last Name	Email Address	Phone Number	Company Name
Gerhard	Kautzer	gerhardkautzer@cronabayer.com	1-207-643-1816	Hodkiewicz-Lynch
Myra	Crona	myracrona@schinner.info	(724)196-9470 x998	Champlin-Hahn
Josh	Donnelly	joshdonnelly@macejkovic.us	081-799-3139 x248	Casper Group
Verna	Farrell	vernafarrell@schillercorkery.name	731.101.6219	Rosenbaum-Hane
Lauriane	Stracke	laurianestracke@tremblayturner.biz	1-033-511-1831 x471	Prohaska-Sporer
Kaya	Luettgen	kayaluettgen@christiansen.name	(511)745-9273	Wyman, Trantow and Hane
Steve	Davis	stevedavis@shields.info	787.315.2611 x747	Kuhic-Lowe
Citlalli	Pfeffer	citlallipfeffer@lemkeblanda.co.uk	329-584-6962 x047	Gorczany and Sons
Litzy	Turcotte	litzyturcotte@weber.name	1-084-641-4078 x4410	Hintz-Schmitt
River	Lockman	riverlockman@shieldsgrant.ca	1-967-129-8359	Rowe LLC
Juvenal	Berge	juvenalberge@nienow.co.uk	037-748-7238	Hane Inc
Mafalda	Streich	mafaldastreich@abshire.name	1-445-743-8688	Bogisich-Dach
Whitney	Herzog	whitneyherzog@muller.info	(603)734-7646 x1775	Ullrich, Wisozk and Denesik
Alek	Hansen	alekhansen@bosco.biz	1-373-071-1326	Hodkiewicz and Sons
Destany	Nader	destanynader@mueller.us	253-751-9828 x76227	Block, Doyle and Kuhn
Janet	Gusikowski	janetgusikowski@davis.ca	177.192.3362	Bailey-Predovic
Tito	Blanda	titoblanda@mayer.us	1-674-089-9380	Carroll, Kovacek and Funk
Carrie	Beahan	carriebeahan@price.us	397-438-0765	Runolfsdottir, Cummerata and Keebler
Lucie	Pagac	luciepagac@auer.ca	705.179.7817	Murphy-Littel
Kaycee	Hauck	kayceehauck@kilback.com	812.599.4333 x47955	Hoeger-Steuber
Ella	Rutherford	ellarutherford@starkhilpert.biz	461-856-5933 x93916	Leuschke and Sons
Lane	Blanda	laneblanda@gottliebreichert.co.uk	150-919-8631	Hills Inc
Elenora	Cartwright	elenoracartwright@rogahn.ca	(657)897-5580 x559	Witting, Okuneva and Labadie
Loyce	Reichel	loycereichel@schaeferherzog.name	(697)427-8480	Kshlerin, Ledner and Brekke
Vidal	Rogahn	vidalrogahn@kubkreiger.biz	742.438.0000 x4912	Stamm Group
Ivah	Fritsch	ivahfritsch@oga.info	826-246-1219 x2470	Gaylord, Bahringer and Becker
Lesley	Rau	lesleyrau@schulist.us	962-419-2372 x09290	Ernser, Pagac and Kunze
Paul	Weissnat	paulweissnat@cassin.info	059.434.8303	McLaughlin and Sons
Joseph	Witting	josephwitting@zulaufgutkowski.name	180-876-2015	Grimes Inc
Kristoffer	Franecki	kristofferfranecki@gottlieb.biz	1-982-552-5666	Klocko, Gusikowski and Casper
Jon	Sipes	jonsipes@gislasonwilkinson.ca	(785)822-0500 x7524	Johnson-Blick
Simeon	Block	simeonblock@armstrongconsidine.biz	061.549.6134 x068	D'Amore, Krajcik and Schultz
Ralph	Zemlak	ralphzemlak@rau.biz	711-452-6939 x93197	Metz Group
Bartholome	Treutel	bartholometreutel@bailey.name	820.342.5853 x29822	Bergnaum-Morar
Ernie	Torp	ernietorp@zieme.biz	(784)430-0164 x92338	Ullrich LLC
Austyn	Stamm	austynstamm@jast.co.uk	(719)689-0062 x4770	Renner-Ortiz
Elvis	Leffler	elvisleffler@krajcik.co.uk	1-622-101-5624	Aufderhar, Cassin and Pfeffer
Emmitt	Schulist	emmittschulist@becker.com	(133)227-0927	Hackett Group
Mark	Quitzon	markquitzon@oconnell.com	(156)842-8300 x812	Tremblay-Lemke
Wilton	Swift	wiltonswift@hackett.info	452-467-0558 x0172	Morar, Mraz and Gulgowski
Loyal	Weber	loyalweber@steubergerhold.ca	614-033-1018	Kulas-Gleichner
Macie	Raynor	macieraynor@rosenbaum.info	142-367-0068 x939	Schumm, Volkman and Weissnat
Guido	Jacobi	guidojacobi@erdmangreenfelder.info	139-378-6659	Dicki, Ziemann and Reynolds
Tatum	Price	tatumprice@stoltenberg.name	1-142-133-0843 x092	Zboncak LLC
Angelina	Bins	angelinabins@balistreri.co.uk	922-320-0190 x24514	Bosco and Sons
Rickie	Raynor	rickieraynor@gislason.biz	946-025-2697 x80040	Heidenreich Group
Dominique	Rosenbaum	dominiquerosenbaum@adamshomenick.ca	1-283-678-5069 x3572	Will, O'Keefe and Schneider
Murl	Larkin	murllarkin@breitenberg.info	(759)279-8790 x823	Bayer-Pagac
Hunter	Reinger	hunterreinger@binsdubuque.info	147.276.2308	Reichel, D'Amore and Will
Kelsi	Heller	kelsiheller@satterfield.name	516-353-1867 x8991	Turcotte, Schumm and Mayer
Avery	Maggio	averymaggio@spencermonahan.info	(973)046-7101	Ritchie-Nader
Jerry	Cassin	jerrycassin@lebsack.name	(073)051-7984	Kris-Ryan
Paul	Goyette	paulgoyette@bergnaum.us	1-750-984-7941 x05066	Oberbrunner, Ankunding and Bergstrom
Callie	Pollich	calliepollich@jacobsoncrooks.name	347.644.8914	Torp Group
Ruby	Baumbach	rubybaumbach@buckridgelangworth.info	316.959.7725	Wehner, Wyman and Langworth
Jeremy	Gorczany	jeremygorczany@bahringersauer.co.uk	756-817-6072 x4693	Rempel-Kub
Declan	Gleichner	declangleichner@roberts.name	094-884-6973 x245	Smitham LLC
Cullen	Oga	cullenoga@sporerdickinson.co.uk	(903)807-6736	Adams-Abbott
Keara	Rath	keararath@vandervort.ca	1-199-209-3173 x0435	Schmidt-Little
Ben	Lehner	benlehner@conroygibson.biz	656-226-2937	Lesch-West
Valentine	Marks	valentinemarks@little.us	1-854-221-3198 x581	Beatty, Dooley and O'Connell
Celia	Marquardt	celiamarquardt@krisnader.us	683.815.5718	Reichert LLC
Rollin	Krajcik	rollinkrajcik@paucek.name	139.163.9130 x1661	Barton, Swift and Reynolds
Roberto	Jacobi	robertojacobi@rutherford.co.uk	(119)946-6557	Hahn-Ondricka
Hayley	Hammes	hayleyhammes@blockchristiansen.co.uk	020-061-9355 x77702	Rolfson Group
Madelynn	Moore	madelynnmoore@donnelly.com	794-829-0987	Collins-Dare
Abbigail	Ebert	abbigailebert@paucek.biz	1-523-489-0581	Cummings-Waelchi
Mack	Hermann	mackhermann@von.biz	(629)021-1769 x81439	Ryan, Bartell and Johns
Keyshawn	Rempel	keyshawnrempel@grimes.us	1-500-319-2494 x9340	Gerlach, Harber and Lockman
Reid	Prosacco	reidprosacco@uptontromp.us	439-321-4696	Gorczany Group
Lucienne	Franecki	luciennefranecki@johnslangosh.co.uk	1-480-137-6757 x41026	Champlin Inc
Orie	Abernathy	orieabernathy@runtehowe.us	(775)294-2980 x836	Cole-Blick
Roel	Douglas	roeldouglas@oreilly.us	1-661-522-3568 x278	Larson, Willms and Mayert
Allan	McClure	allanmcclure@mertz.co.uk	691-825-7674 x884	Blanda, Altenwerth and Toy
Garnett	Farrell	garnettfarrell@moen.com	(303)247-2864	Cassin, Cassin and Emard
Lorenza	Schulist	lorenzaschulist@oberbrunner.biz	1-728-690-0896	Steuber and Sons
Sidney	Weimann	sidneyweimann@boyer.ca	(771)257-5094 x627	Wolff and Sons
Hertha	Fahey	herthafahey@mcdermottwest.com	1-668-885-2438	Paucek Inc
Helena	Bartoletti	helenabartoletti@oreilly.name	(935)282-8030	Hane, Monahan and Reichert
Kristofer	Halvorson	kristoferhalvorson@wardwintheiser.co.uk	162.546.9052 x4947	Kris, Romaguera and Stiedemann
Mack	Kohler	mackkohler@reichert.info	(557)738-8950 x898	Hodkiewicz, Hermiston and Schumm
Ike	Lakin	ikelakin@jerde.name	1-175-660-3082	Cruickshank-Price
Victoria	Barrows	victoriabarrows@langworthcrona.us	757-301-9933	Ortiz, Bartoletti and Toy
Brielle	Swift	brielleswift@white.ca	724.140.1604 x594	Kutch-Wuckert
Zaria	Feil	zariafeil@gibson.co.uk	178.014.0576	Nader-Price
Virgil	Stamm	virgilstamm@little.com	1-239-569-1136 x2036	Will, Schmeler and Labadie
Dina	Kovacek	dinakovacek@kilback.info	1-645-775-8018 x316	Zboncak, Fadel and Von
Reece	Armstrong	reecearmstrong@runte.com	582-117-8363 x18275	Oberbrunner-Grant
Carmine	Altenwerth	carminealtenwerth@hayes.info	1-373-254-5220	Doyle, Quitzon and Tremblay
Dejon	Sporer	dejonsporer@denesik.name	871-993-4603 x7637	Morissette-Larkin
Aisha	Rosenbaum	aisharosenbaum@stamm.us	(952)244-0297	Kris, Trantow and Durgan
General	Kris	generalkris@trantowauer.name	(941)588-5437	Stokes Inc
Reanna	Hagenes	reannahagenes@wunschward.ca	(426)796-7413 x4840	Ebert, Mann and Durgan
Kelly	Reichel	kellyreichel@bechtelarmacejkovic.co.uk	1-779-668-0767 x419	Crooks-Dibbert
Lia	Kautzer	liakautzer@abbott.ca	1-165-451-1096 x011	Jewess, Brekke and Konopelski
Audrey	Reilly	audreyreilly@marvinkuphal.name	546-602-9103 x3851	Cole-Marvin
Jermey	Gorczany	jermeygorczany@willfriesen.co.uk	674-545-3436	Collier-Schuppe
Addie	Miller	addiemiller@carrollprosacco.ca	831.700.6370 x63707	Grant, Heathcote and Smitham
Karelle	Reynolds	karellereynolds@sawaynhuels.us	1-547-736-1619 x25493	Schamberger-Ankunding
Wilbert	Zboncak	wilbertzboncak@mertz.name	(135)473-4608 x724	Monahan-Lynch
Ellen	Reinger	ellenreinger@huels.biz	(235)412-0510 x0454	Fadel, Kreiger and Larson
Leila	Conroy	leilaconroy@raynor.name	854-602-4376 x04379	Franecki Inc
Eliza	Weissnat	elizaweissnat@rathreynolds.info	(295)896-0113	Lowe, Klein and Connelly
Retta	Doyle	rettadoyle@swift.name	997.077.0437 x452	Stokes, Brakus and Hermann
Berneice	Bartell	berneicebartell@wilderman.us	1-292-638-7616	Schmidt-Thiel
Arielle	Goldner	ariellegoldner@barrows.ca	1-898-973-1485 x05131	Gleason, Hayes and Rippin
Vincent	Rice	vincentrice@dare.co.uk	351.671.5995 x62318	Douglas-Block
Bernie	Lakin	bernielakin@huels.biz	(652)655-1547	Wintheiser Group
Rosalind	Morissette	rosalindmorissette@kuhlman.info	290.659.5329 x865	Roberts LLC
Hailey	Sporer	haileysporer@dietrich.co.uk	817-702-0967 x2353	Stroman and Sons
Dina	Roberts	dinaroberts@thompson.info	1-198-247-6086	Koss Inc
Melba	Stoltenberg	melbastoltenberg@powlowski.us	1-425-535-9754	Mueller, Gleichner and Monahan
Jordy	Breitenberg	jordybreitenberg@oreilly.ca	506-162-8895 x841	Homenick Inc
Jaquelin	Dooley	jaquelindooley@huelsokuneva.name	(931)300-3402 x563	Kreiger LLC
Prudence	Renner	prudencerenner@townerogahn.info	1-560-349-1645 x913	Weimann, Rolfson and Fisher
Jamison	Hamill	jamisonhamill@windlerprosacco.ca	505.214.0366	Crona-Predovic
Vicenta	Abbott	vicentaabbott@kautzerpfannerstill.com	365-815-1393	Larkin and Sons
Floy	Ullrich	floyullrich@oberbrunnerhaag.co.uk	547.284.2558 x08152	Rogahn Group
Shanon	Nolan	shanonnolan@okuneva.info	(372)851-5862 x9311	Christiansen, Hammes and Heaney
Eudora	Dach	eudoradach@schaeferwatsica.name	1-677-818-1851	Leffler Group
Jerald	Kemmer	jeraldkemmer@langworth.ca	1-581-200-8255	Kuhn, Eichmann and Kozey
Maybell	Runolfsdottir	maybellrunolfsdottir@gleichnerhirthe.info	589.650.0421	Hegmann Group
Opal	Howe	opalhowe@prosacco.ca	1-203-758-4071	Gaylord, Smitham and Bruen
Cooper	Beahan	cooperbeahan@ernser.info	200.460.7068 x239	Crona, Monahan and Hettinger
Ladarius	Pollich	ladariuspollich@reichel.co.uk	1-085-962-1437 x529	Brown LLC
Wyatt	Smitham	wyattsmitham@brakus.info	821-542-8387 x50877	Cole, Bechtelar and Kreiger
Marc	Morar	marcmorar@mosciski.biz	1-326-515-9499	Ankunding-Reichel
Mavis	Funk	mavisfunk@zieme.ca	1-685-604-9170	Nikolaus Inc
Rosalee	Ullrich	rosaleeullrich@quigley.co.uk	712-082-4829 x5533	Corwin-Greenfelder
Eveline	Mosciski	evelinemosciski@aufderhartowne.name	(336)707-7120 x34011	Bradtke Inc
Barney	Heller	barneyheller@osinski.us	1-991-704-3582 x66228	Hauck-Powlowski
Julian	Robel	julianrobel@kuphal.ca	937.075.4713 x71555	Hansen-Hills
Vilma	Spencer	vilmaspencer@hansen.co.uk	413-287-3179 x82331	Kris-Klocko
Ismael	Padberg	ismaelpadberg@kutchleannon.co.uk	1-730-762-4788 x9480	Gislason Group
Leonard	Hand	leonardhand@feilschneider.ca	1-589-841-8619 x411	Lowe Group
Rocky	Mitchell	rockymitchell@koch.info	786.591.3938 x138	Jacobson, Schinner and Prosacco
Thalia	Lesch	thalialesch@hudson.co.uk	1-604-564-2438 x038	Ernser, Rutherford and Koelpin
Antonetta	Jerde	antonettajerde@bins.info	617-254-9074	O'Reilly Group
Augustine	McKenzie	augustinemckenzie@prosacco.us	799.681.8202	Corkery, Ferry and Schoen
Amiya	Corkery	amiyacorkery@frami.co.uk	(729)393-8449 x2012	Wuckert LLC
Dorthy	Schaden	dorthyschaden@ledner.name	793-841-2154 x3851	Nolan LLC
Daniella	Hilll	daniellahilll@mante.co.uk	218-462-8613 x7462	Wisozk Group
Ernestine	Hayes	ernestinehayes@howe.info	(275)902-8951	Stracke LLC
Ambrose	Bradtke	ambrosebradtke@collier.co.uk	1-837-068-0858 x89316	Sawayn-Kunde
Christ	Lemke	christlemke@raynor.biz	440-015-5378 x28110	Upton, Lubowitz and Weissnat
Dagmar	Smitham	dagmarsmitham@emmerich.com	1-732-182-5986	Grimes-Schinner
Gabriel	Klocko	gabrielklocko@kesslerpowlowski.biz	1-794-715-8657 x2488	Turner, Reinger and Schumm
Benton	Ruecker	bentonruecker@wolffwest.co.uk	1-305-991-5716 x331	Hahn, Bogisich and Sawayn
Hillard	Luettgen	hillardluettgen@kiehn.name	136-836-0926	Bartell-Rath
Zackary	Spencer	zackaryspencer@welch.name	841.686.6962 x3854	Schaefer and Sons
Cleta	Bergnaum	cletabergnaum@armstrong.us	440.824.7423	Walsh and Sons
Isaias	Casper	isaiascasper@heller.co.uk	(216)464-7962 x4707	Hermiston Inc
Stacey	Purdy	staceypurdy@boehm.biz	(466)871-8375 x833	Kirlin Inc
Spencer	Schumm	spencerschumm@glover.ca	867.094.9639	Barrows, Steuber and Smitham
Malvina	Hammes	malvinahammes@marks.name	1-996-594-5766 x0934	Hauck-Brown
Thalia	Champlin	thaliachamplin@torphyjerde.name	1-586-620-3881 x23233	Pfeffer, Monahan and Swaniawski
Murray	Hahn	murrayhahn@anderson.info	971.344.2468 x08733	Sipes-Kub
Will	Botsford	willbotsford@smitham.com	678-409-7561	Hoeger, Murray and Brekke
Dakota	Bogan	dakotabogan@beerorn.com	1-439-469-3658 x87912	Schumm-Bartoletti
Julian	Orn	julianorn@altenwerth.co.uk	037.652.8620 x24253	Kuhic Group
Erika	Rowe	erikarowe@hegmann.info	177.585.2403	Okuneva and Sons
Fleta	Senger	fletasenger@gorczany.co.uk	(205)925-3421 x604	Pouros, Toy and Jones
Joanie	Kessler	joaniekessler@runolfsdottir.ca	464-968-7110 x6711	Eichmann Inc
Giovani	Beer	giovanibeer@wunsch.biz	1-486-322-2454 x4408	Lakin, Zulauf and Ernser
Jazmin	Christiansen	jazminchristiansen@cremin.name	219.311.6854	Cremin, Walsh and Vandervort
Raymundo	Kub	raymundokub@stroman.biz	1-892-802-1453	Blick and Sons
Dallin	McDermott	dallinmcdermott@reynolds.com	(303)239-2834 x9433	Kirlin LLC
Marlen	Mayert	marlenmayert@glover.info	1-750-901-5309 x4926	Littel and Sons
Jailyn	Labadie	jailynlabadie@gorczany.info	1-751-002-1657 x14652	Hegmann LLC
Wayne	Robel	waynerobel@zemlak.name	(506)594-9062 x5857	Schimmel, Gibson and Considine
Justina	Kilback	justinakilback@mcdermott.name	1-409-416-8062 x4950	Denesik Inc
Ruth	Haag	ruthhaag@skiles.info	(636)434-0938	Marquardt Inc
Dangelo	Sanford	dangelosanford@connelly.info	(614)458-9373	Will Group
Adelbert	Hickle	adelberthickle@kunde.name	1-432-570-6089 x9940	Kub-Torp
Lane	Hackett	lanehackett@brakus.name	323.999.6823	Beier, Langworth and Lowe
Stacy	Walker	stacywalker@beahan.com	576-758-0461 x86321	Kohler, Raynor and Zulauf
Danny	Franecki	dannyfranecki@bernier.us	274.877.1956 x186	Parker, Gaylord and Wintheiser
Barrett	Mitchell	barrettmitchell@mertz.name	(516)360-4782 x4080	Schuppe-Kuhn
Arjun	Collier	arjuncollier@batz.name	929-739-8438	Kemmer LLC
Christop	Hagenes	christophagenes@maggiobuckridge.biz	(490)831-2790	Kuhn Group
Cooper	Runolfsson	cooperrunolfsson@lindgrenhalvorson.com	907-478-0200 x11074	Donnelly, Langworth and Rutherford
Alexanne	Huels	alexannehuels@wolffframi.info	(153)156-8305 x3814	Barrows, Goodwin and Hermiston
Jesus	Schiller	jesusschiller@flatleyschuppe.com	1-100-672-5739 x51403	Kirlin, Champlin and Leffler
Blanca	Rutherford	blancarutherford@russel.co.uk	(915)730-7767	Spinka-Tromp
Damien	Collier	damiencollier@jonesferry.name	(944)016-0465 x2472	Gibson-Hoppe
Jennings	Schoen	jenningsschoen@botsfordwalter.us	218.783.3992 x2889	Torphy Group
Jeffry	Roob	jeffryroob@friesenswaniawski.us	(852)071-2826	Harris LLC
Greg	Hessel	greghessel@hermiston.us	1-729-000-7688 x914	Larson LLC
Pink	Muller	pinkmuller@beckerharvey.biz	(534)927-5370	Welch-Moore
Sadie	Johnson	sadiejohnson@reynolds.co.uk	090.792.8150 x24087	Kertzmann Group
Zakary	Price	zakaryprice@howell.com	(300)624-1415 x8018	Kozey, Kilback and Homenick
Clara	Collins	claracollins@lueilwitz.ca	(103)095-5797	Koch Group
Elsa	Oga	elsaoga@schamberger.biz	(025)507-0435	McDermott, Pfeffer and Koss
Queen	Cartwright	queencartwright@hilpert.ca	(151)616-1110	Feil Group
Jonathan	Davis	jonathandavis@schaefercummings.name	(881)606-3728	Mante Group
Jailyn	Spencer	jailynspencer@bashirian.biz	(549)635-7431	Gerhold, Schuppe and Koelpin
Maude	Dickens	maudedickens@bergstrom.name	1-439-101-6066 x59216	Bradtke LLC
Kamron	Hickle	kamronhickle@kautzerheller.ca	1-583-322-4900	Goldner, Wiegand and Reichert
Ulices	Kirlin	uliceskirlin@toy.com	726-732-6737	Flatley, Klein and VonRueden
Giuseppe	Heathcote	giuseppeheathcote@murraykuvalis.us	1-315-438-6553	Bashirian, Jacobson and Crist
